,brand,model
0,realme,c55
1,samsung,galaxy m23
2,motorola,moto g13
3,xiaomi,redmi note 11s
4,nothing,phone (2)
5,motorola,moto e32s
6,nothing,phone (2)
7,realme,9 pro
8,samsung,galaxy m23
9,xiaomi,redmi note 12
10,poco,m4
11,realme,c31
12,realme,c55
13,xiaomi,redmi note 12
14,xiaomi,redmi note 12
15,xiaomi,redmi note 12
16,apple,iphone 14
17,xiaomi,redmi note 12
18,samsung,galaxy m13
19,xiaomi,redmi 10c
20,realme,narzo 50i
21,realme,11 pro
22,poco,x5 pro
23,xiaomi,redmi note 11
24,realme,c53
25,apple,iphone 14
26,motorola,moto e20
27,realme,10 amoled
28,samsung,galaxy m53
29,realme,10 amoled
30,realme,c53
31,apple,iphone 14
32,realme,11 pro
33,realme,10 amoled
34,poco,x5 pro
35,realme,10 amoled
36,poco,m4
37,xiaomi,redmi note 12
38,samsung,galaxy m33
39,apple,iphone 14
40,realme,c31
41,xiaomi,redmi note 12
42,xiaomi,redmi 10c
43,realme,11 pro
44,realme,9
45,motorola,moto g23
46,realme,c33
47,realme,narzo 50a
48,xiaomi,redmi 9c
49,realme,11 pro
50,xiaomi,redmi a1
51,motorola,moto g32
52,poco,x5
53,xiaomi,redmi note 12
54,nothing,phone (2)
55,motorola,moto g73
56,samsung,galaxy a54
57,xiaomi,redmi a1
58,xiaomi,redmi a1
59,xiaomi,redmi a1
60,xiaomi,redmi 12c
61,xiaomi,redmi 10a
62,realme,9
63,xiaomi,redmi note 12
64,xiaomi,redmi note 12
65,realme,gt2
66,xiaomi,redmi note 12
67,xiaomi,redmi note 12
68,motorola,moto g13
69,xiaomi,redmi note 12
70,xiaomi,redmi 10a
71,realme,narzo 50a
72,realme,c30
73,motorola,moto e13
74,motorola,edge 30
75,xiaomi,redmi 10a
76,realme,c30
77,xiaomi,redmi note 12
78,xiaomi,redmi 12c
79,xiaomi,11 pro
80,xiaomi,redmi note 12
81,realme,gt neo 3
82,realme,9
83,samsung,galaxy a34
84,xiaomi,redmi note 12
85,xiaomi,redmi note 12
86,xiaomi,11 pro
87,realme,c33
88,apple,iphone 14
89,poco,c40
90,apple,iphone 14
91,xiaomi,note 12s
92,realme,gt2
93,apple,iphone 14
94,apple,iphone 14
95,nothing,phone (2)
96,poco,f5
97,xiaomi,11 pro
98,samsung,galaxy m53
99,samsung,galaxy m53
100,oppo,reno8
101,samsung,galaxy a34
102,poco,m4
103,xiaomi,redmi 12c
104,motorola,moto g32
105,xiaomi,redmi note 12
106,apple,iphone 12
107,samsung,galaxy m33
108,alcatel,1 (2021)
109,alcatel,1 (2021)
110,oppo,reno8
111,poco,x5 pro
112,realme,gt neo 3t
113,xiaomi,redmi 12c
114,apple,iphone 11
115,apple,iphone 11
116,apple,iphone 14
117,samsung,galaxy z flip4
118,samsung,galaxy m33
119,oppo,a17
120,samsung,galaxy s22
121,apple,iphone 14
122,xiaomi,redmi 12c
123,apple,iphone 14
124,samsung,galaxy m13
125,alcatel,1b 2022
126,apple,iphone 14
127,samsung,galaxy s23
128,samsung,galaxy a54
129,apple,iphone 14
130,xiaomi,redmi 12c
131,poco,m5s
132,realme,8i
133,xiaomi,12t
134,nothing,phone (1)
135,apple,iphone 14
136,apple,iphone 14
137,xiaomi,redmi 12
138,apple,iphone 12
139,vivo,y22s
140,xiaomi,redmi note 12
141,samsung,galaxy s23
142,apple,iphone 14
143,samsung,galaxy m23
144,samsung,galaxy a33
145,vivo,y22s
146,xiaomi,13
147,alcatel,1b 2022
148,apple,iphone 13
149,samsung,galaxy a34
150,samsung,galaxy a34
151,vivo,y35
152,vivo,x60 pro
153,motorola,edge 40
154,nothing,phone (1)
155,samsung,galaxy a34
156,zte,blade a52
157,samsung,galaxy a54
158,samsung,galaxy s21
159,xiaomi,redmi 10c
160,samsung,galaxy a54
161,xiaomi,redmi 12
162,samsung,galaxy a54
163,oppo,a78
164,samsung,galaxy s23
165,xiaomi,redmi note 11
166,samsung,galaxy a34
167,apple,iphone 14
168,samsung,galaxy a14
169,samsung,galaxy a23
170,samsung,galaxy a14
171,vivo,y35
172,xiaomi,12
173,poco,x5 pro
174,apple,iphone 14
175,apple,iphone 14
176,apple,iphone 14
177,apple,iphone 11
178,samsung,galaxy s23
179,samsung,galaxy a54
180,apple,iphone 13
181,vivo,y76
182,vivo,y76
183,poco,m5
184,poco,c40
185,realme,narzo 50
186,apple,iphone 13
187,xiaomi,12t
188,oppo,a78
189,samsung,galaxy a54
190,apple,iphone 13
191,apple,iphone 12
192,poco,x5 pro
193,samsung,galaxy a54
194,apple,iphone 13
195,xiaomi,redmi note 12
196,samsung,galaxy a54
197,oppo,a98
198,xiaomi,redmi note 12
199,xiaomi,12
200,apple,iphone xr
201,apple,iphone 13
202,zte,blade a52
203,apple,iphone 14
204,vivo,y16
205,samsung,galaxy s22
206,vivo,y16
207,apple,iphone 12
208,poco,x5
209,xiaomi,redmi 10
210,motorola,razr 40
211,xiaomi,redmi 9a
212,samsung,galaxy a54
213,zte,blade a72
214,xiaomi,redmi note 11
215,realme,gt2
216,samsung,galaxy s23
217,samsung,galaxy s23
218,oneplus,nord ce 3
219,samsung,galaxy s23
220,samsung,galaxy s23
221,samsung,galaxy a14
222,apple,iphone 14
223,oppo,a57s
224,tcl,20 r
225,oppo,a98
226,apple,iphone 14
227,xiaomi,redmi note 12
228,oppo,x5
229,xiaomi,13
230,samsung,galaxy z flip4
231,cat,s42h+
232,apple,iphone 14
233,samsung,galaxy a53
234,motorola,edge 40
235,poco,x5
236,nothing,phone (1)
237,vivo,y76
238,vivo,v21 5g
239,poco,m5
240,samsung,galaxy s23
241,samsung,galaxy s23
242,vivo,v21 5g
243,xiaomi,note 12s
244,vivo,y76
245,xiaomi,note 12s
246,apple,iphone 14
247,xiaomi,13
248,apple,iphone 14
249,apple,iphone 11
250,spc,smart ultimate
251,poco,x5 pro
252,samsung,galaxy s23
253,motorola,edge 40
254,samsung,galaxy s23
255,oneplus,nord ce 2
256,cubot,kingkong power
257,xiaomi,redmi 12c
258,xiaomi,redmi 9c
259,oppo,reno10
260,samsung,galaxy a34
261,samsung,galaxy m13
262,samsung,galaxy a14
263,apple,iphone 8
264,oppo,reno8
265,tcl,408
266,samsung,galaxy a14
267,xiaomi,redmi 12c
268,samsung,galaxy a34
269,tcl,40 se
270,apple,iphone 12
271,tcl,403
272,apple,iphone 14
273,oppo,reno10
274,samsung,galaxy a14
275,samsung,galaxy s23
276,xiaomi,note 12s
277,apple,iphone xs
278,apple,iphone 12
279,samsung,galaxy a34
280,apple,iphone 14
281,samsung,galaxy s22
282,apple,iphone 13
283,xiaomi,redmi note 12
284,motorola,edge 30
285,apple,iphone 13
286,oppo,a74
287,samsung,galaxy a34
288,xiaomi,11t pro
289,google,pixel 6a
290,zte,blade a72
291,apple,iphone 13
292,oppo,x5
293,oppo,a57s
294,samsung,galaxy s23
295,apple,iphone 14
296,realme,gt neo 3t
297,xiaomi,redmi note 12
298,samsung,galaxy a54
299,samsung,galaxy a14
300,apple,iphone 11
301,xiaomi,redmi note 12
302,samsung,galaxy a32
303,apple,iphone 11
304,xiaomi,redmi note 12
305,apple,iphone 14
306,realme,narzo 50
307,samsung,galaxy s23
308,oppo,a17
309,apple,iphone xr
310,samsung,galaxy a34
311,apple,iphone 14
312,apple,iphone 14
313,samsung,galaxy m13
314,xiaomi,redmi 12
315,apple,iphone 14
316,google,pixel 7
317,samsung,galaxy s23
318,apple,iphone 12
319,apple,iphone 13
320,xiaomi,redmi 9at
321,motorola,edge 40
322,apple,iphone 14
323,oppo,x5
324,apple,iphone 14
325,samsung,galaxy s23
326,apple,iphone 14
327,xiaomi,shark 5
328,motorola,moto g23
329,samsung,galaxy a14
330,apple,iphone se (gen 3)
331,poco,x5
332,samsung,galaxy s23
333,samsung,galaxy a14
334,apple,iphone 12
335,poco,f5
336,samsung,galaxy s23
337,realme,narzo 50i
338,apple,iphone 14
339,samsung,galaxy s23
340,apple,iphone 13
341,motorola,razr 40
342,xiaomi,redmi note 12
343,oppo,a78
344,samsung,galaxy a54
345,samsung,galaxy a34
346,tcl,305i
347,tcl,40 se
348,motorola,razr 40
349,tcl,408
350,apple,iphone 11
351,poco,f4
352,apple,iphone 11
353,xiaomi,redmi note 12
354,poco,x5 pro
355,xiaomi,redmi note 12
356,samsung,galaxy s23
357,xiaomi,redmi note 11
358,xiaomi,redmi note 12
359,apple,iphone 12
360,tcl,40 se
361,oppo,reno10
362,samsung,galaxy a23
363,apple,iphone 12
364,apple,iphone 12
365,samsung,galaxy a34
366,oppo,reno10
367,poco,x5 pro
368,oppo,reno8
369,oppo,x5 pro
370,tcl,40 se
371,samsung,galaxy s23
372,zte,blade v40 vita
373,samsung,galaxy s23
374,samsung,galaxy s20
375,apple,iphone 12
376,xiaomi,redmi a2
377,xiaomi,redmi 9c
378,apple,iphone 14
379,samsung,galaxy a04s
380,tcl,405
381,apple,iphone 14
382,apple,iphone 14
383,apple,iphone 12
384,samsung,galaxy a52s
385,apple,iphone 13
386,samsung,galaxy s22
387,xiaomi,redmi 12c
388,poco,x5
389,apple,iphone 12
390,oppo,a57s
391,samsung,galaxy s23
392,apple,iphone 12
393,samsung,galaxy s23
394,xiaomi,redmi 10c
395,apple,iphone x
396,poco,m5
397,apple,iphone 12
398,apple,iphone 14
399,xiaomi,redmi 10
400,xiaomi,12t
401,xiaomi,11 pro
402,tcl,403
403,apple,iphone 12
404,samsung,galaxy s22
405,samsung,galaxy s21
406,samsung,galaxy a54
407,samsung,galaxy s22
408,apple,iphone 12
409,apple,iphone 12
410,samsung,galaxy s23
411,samsung,galaxy s23
412,apple,iphone 13
413,realme,gt2
414,samsung,galaxy z fold4
415,xiaomi,redmi note 11s
416,xiaomi,12
417,poco,m5
418,samsung,galaxy s23
419,xiaomi,redmi 10a
420,apple,iphone 13
421,apple,iphone 11
422,cubot,kingkong 9
423,zte,blade v40 vita
424,samsung,galaxy s21
425,poco,x5
426,tcl,30 se
427,apple,iphone 12
428,xiaomi,note 12s
429,xiaomi,redmi note 10
430,apple,iphone 13
431,apple,iphone 11
432,tcl,30
433,samsung,galaxy a54
434,samsung,galaxy s23
435,samsung,galaxy a54
436,tcl,305i
437,poco,m5s
438,xiaomi,redmi 9a
439,samsung,galaxy s20
440,samsung,galaxy s23
441,samsung,galaxy s22
442,xiaomi,redmi 10a
443,poco,c40
444,samsung,galaxy note 20
445,xiaomi,redmi 12c
446,xiaomi,redmi go
447,ulefone,armor x10
448,poco,x5
449,apple,iphone 14
450,tcl,30
451,apple,iphone 14
452,samsung,galaxy s23
453,samsung,galaxy a14
454,realme,gt master edition
455,samsung,galaxy a20e
456,samsung,galaxy a34
457,tcl,30e
458,motorola,razr 40
459,samsung,galaxy s22
460,xiaomi,shark 5
461,samsung,galaxy s23
462,apple,iphone xr
463,motorola,edge 30
464,samsung,galaxy s23
465,samsung,galaxy s21
466,apple,iphone xr
467,oppo,reno8
468,oppo,a54
469,samsung,galaxy note 10
470,xiaomi,redmi note 12
471,zte,blade a31
472,samsung,galaxy s23
473,poco,x5
474,samsung,galaxy s23
475,tcl,405
476,xiaomi,x3
477,samsung,galaxy z fold4
478,samsung,galaxy s21
479,oppo,reno6
480,apple,iphone 13
481,apple,iphone xr
482,poco,f5
483,oppo,x3
484,samsung,galaxy s22
485,apple,iphone 14
486,apple,iphone 13
487,xiaomi,redmi 10a
488,samsung,galaxy a32
489,realme,9
490,apple,iphone 12
491,google,pixel 7
492,apple,iphone 13
493,samsung,galaxy s23
494,xiaomi,redmi note 12
495,samsung,galaxy a34
496,apple,iphone 12
497,oneplus,nord n10
498,apple,iphone 12
499,apple,iphone 7
500,xiaomi,redmi note 12
501,xiaomi,13
502,xiaomi,redmi 10c
503,oppo,reno4
504,apple,iphone 12
505,apple,iphone 14
506,apple,iphone x
507,samsung,galaxy s20
508,xiaomi,redmi 10a
509,cat,s62
510,samsung,galaxy a34
511,xiaomi,11t pro
512,spc,jasper 2
513,apple,iphone 11
514,realme,9i
515,poco,m5s
516,apple,iphone 12
517,xiaomi,11t
518,samsung,galaxy s21
519,xiaomi,shark 4
520,samsung,galaxy a14
521,samsung,galaxy s10
522,samsung,galaxy s23
523,nokia,g21
524,apple,iphone 13
525,xiaomi,redmi note 11
526,apple,iphone 12
527,apple,iphone 13
528,apple,iphone 13
529,xiaomi,redmi 10c
530,apple,iphone 13
531,poco,f5
532,samsung,galaxy a54
533,samsung,galaxy s21
534,apple,iphone 14
535,apple,iphone se (gen 3)
536,xiaomi,redmi a2
537,apple,iphone 13
538,apple,iphone 14
539,apple,iphone 11
540,oppo,a17
541,samsung,galaxy z fold4
542,apple,iphone 11
543,xiaomi,13
544,poco,f5
545,apple,iphone 13
546,apple,iphone xs
547,samsung,galaxy s22
548,xiaomi,mi 11
549,xiaomi,redmi note 10
550,samsung,galaxy s21
551,apple,iphone 12
552,samsung,galaxy z flip 3
553,apple,iphone 14
554,honor,magic 4
555,oppo,reno8
556,realme,8i
557,apple,iphone 13
558,xiaomi,11 lite
559,apple,iphone 13
560,samsung,galaxy m13
561,xiaomi,11 pro
562,samsung,galaxy s20
563,realme,gt2
564,samsung,galaxy a13
565,samsung,galaxy s9
566,poco,f5
567,samsung,galaxy s23
568,xiaomi,12
569,apple,iphone se (gen 3)
570,samsung,galaxy s23
571,oppo,a57s
572,realme,8
573,xiaomi,11 pro
574,motorola,moto e22
575,samsung,galaxy a14
576,oppo,a96
577,samsung,galaxy z flip4
578,samsung,galaxy s23
579,apple,iphone 8
580,apple,iphone 12
581,apple,iphone 12
582,apple,iphone 13
583,apple,iphone 13
584,xiaomi,redmi 10
585,xiaomi,shark 5
586,apple,iphone 13
587,tcl,30
588,xiaomi,mi 9
589,apple,iphone 13
590,oppo,a54s
591,oppo,x3
592,oppo,a77
593,xiaomi,redmi 9c
594,oppo,x5 pro
595,xiaomi,mi 11i
596,xiaomi,redmi note 12
597,apple,iphone 11
598,apple,iphone xs
599,huawei,p30
600,cubot,p80
601,samsung,galaxy note 10
602,samsung,galaxy a50
603,zte,blade a31
604,zte,blade a52
605,ulefone,armor x9
606,xiaomi,redmi note 11
607,oppo,reno6
608,cubot,p80
609,xiaomi,redmi 10
610,xiaomi,redmi note 10
611,apple,iphone 12
612,google,pixel 6a
613,oppo,a54
614,apple,iphone 13
615,apple,iphone 14
616,oppo,a16s
617,samsung,galaxy a13
618,samsung,galaxy a53
619,xiaomi,12
620,apple,iphone 12
621,oppo,x5
622,xiaomi,redmi 12c
623,xiaomi,11 pro
624,apple,iphone 11
625,samsung,galaxy note 10
626,xiaomi,redmi note 9t
627,apple,iphone 11
628,xiaomi,11t
629,xiaomi,mi 8
630,apple,iphone 11
631,apple,iphone x
632,realme,gt neo 2
633,samsung,galaxy a13
634,cubot,p80
635,samsung,galaxy a33
636,xiaomi,redmi 10
637,xiaomi,redmi 9a
638,samsung,galaxy a41
639,samsung,galaxy s10
640,apple,iphone 11
641,poco,f5
642,motorola,moto g52
643,apple,iphone 13
644,apple,iphone xr
645,samsung,galaxy z fold4
646,apple,iphone 12
647,cubot,x70
648,oppo,a74
649,samsung,galaxy s23
650,apple,iphone 12
651,xiaomi,13
652,xiaomi,pocophone f3
653,apple,iphone 13
654,oppo,x5
655,apple,iphone 11
656,apple,iphone 14
657,motorola,moto g62
658,apple,iphone 11
659,samsung,galaxy a53
660,samsung,galaxy a52
661,samsung,galaxy z fold4
662,samsung,galaxy a13
663,tcl,305i
664,xiaomi,redmi 10c
665,samsung,galaxy s21
666,samsung,galaxy s20
667,xiaomi,13
668,samsung,galaxy a40
669,samsung,galaxy s21
670,oppo,reno8
671,samsung,galaxy note 20
672,apple,iphone 13
673,xiaomi,redmi 9c
674,google,pixel 4a
675,oppo,a76
676,samsung,galaxy a13
677,apple,iphone 13
678,apple,iphone 13
679,apple,iphone 13
680,samsung,galaxy s23
681,samsung,galaxy z fold4
682,xiaomi,12t
683,realme,gt neo 3
684,apple,iphone 7
685,honor,70
686,apple,iphone 14
687,apple,iphone 8
688,apple,iphone 8
689,poco,m4
690,samsung,galaxy s21
691,apple,iphone 8
692,apple,iphone 11
693,realme,gt master edition
694,samsung,galaxy s20
695,poco,f5
696,apple,iphone xs
697,honor,magic5
698,xiaomi,shark 5
699,samsung,galaxy a14
700,samsung,s10+
701,xiaomi,redmi 9c
702,poco,m5
703,apple,iphone 12
704,samsung,galaxy s20
705,apple,iphone 14
706,xiaomi,note 10s
707,google,pixel 6
708,oppo,reno8
709,apple,iphone 11
710,apple,iphone 14
711,xiaomi,redmi note 11s
712,poco,m4
713,xiaomi,pocophone f3
714,xiaomi,redmi 9c
715,oppo,x3
716,samsung,galaxy z fold4
717,xiaomi,redmi 10
718,huawei,p40
719,xiaomi,redmi 10
720,apple,iphone 8
721,apple,iphone 12
722,apple,iphone 8
723,xiaomi,redmi a2
724,realme,c35
725,motorola,edge 30
726,poco,f5
727,samsung,galaxy a53
728,xiaomi,redmi note 10
729,apple,iphone 7
730,xiaomi,x3
731,xiaomi,redmi 10a
732,samsung,galaxy s22
733,poco,c40
734,honor,70
735,oppo,reno8
736,apple,iphone 11
737,xiaomi,redmi 9a
738,oneplus,8
739,poco,c40
740,apple,iphone 7
741,oppo,a74
742,samsung,galaxy s21
743,xiaomi,mi 11i
744,apple,iphone 11
745,apple,iphone 12
746,honor,x8a
747,samsung,galaxy s21
748,oppo,find x2 neo
749,poco,f4
750,apple,iphone 11
751,samsung,galaxy s21
752,honor,x7
753,samsung,galaxy z fold4
754,apple,iphone 13
755,realme,9 pro
756,apple,iphone 13
757,apple,iphone 13
758,samsung,galaxy a13
759,apple,iphone 11
760,apple,iphone xr
761,xiaomi,9t
762,apple,iphone se
763,xiaomi,redmi 9at
764,apple,iphone 8
765,oneplus,nord
766,poco,x5 pro
767,xiaomi,redmi 12c
768,google,pixel 6
769,samsung,galaxy z fold 3
770,apple,iphone 12
771,xiaomi,11 lite
772,samsung,galaxy s23
773,xiaomi,redmi note 11s
774,samsung,galaxy a22
775,huawei,p40
776,xiaomi,redmi note 12
777,xiaomi,shark 4
778,samsung,galaxy a13
779,samsung,galaxy s20
780,samsung,galaxy z fold 3
781,samsung,galaxy s20
782,samsung,galaxy s20
783,xiaomi,redmi note 12
784,apple,iphone 12
785,samsung,galaxy a71
786,samsung,s10e
787,samsung,galaxy a51
788,xiaomi,11 pro
789,apple,iphone 14
790,apple,iphone se
791,apple,iphone xs
792,poco,m5s
793,realme,c21y
794,tcl,30
795,apple,iphone 14
796,samsung,galaxy s22
797,apple,iphone 11
798,motorola,thinkphone
799,tcl,30 se
800,cubot,kingkong 7
801,samsung,galaxy m23
802,tcl,403
803,apple,iphone 12
804,apple,iphone 13
805,samsung,galaxy s22
806,samsung,galaxy z flip 3
807,samsung,galaxy note 20
808,apple,iphone xs
809,xiaomi,shark 4
810,oneplus,7
811,samsung,galaxy a53
812,samsung,galaxy z fold4
813,apple,iphone 13
814,poco,m5s
815,samsung,galaxy a13
816,samsung,galaxy s21
817,samsung,galaxy a13
818,samsung,galaxy z flip4
819,nothing,phone (1)
820,poco,m4
821,samsung,galaxy s22
822,xiaomi,mi 11
823,xiaomi,redmi 9c
824,xiaomi,mi 9
825,xiaomi,13
826,apple,iphone 8
827,samsung,s10+
828,samsung,s10e
829,cubot,p60
830,samsung,galaxy s20
831,xiaomi,redmi 9at
832,realme,7
833,nokia,g11
834,samsung,galaxy a32
835,motorola,edge 20
836,realme,9i
837,samsung,galaxy s20
838,poco,x4
839,samsung,galaxy a50
840,samsung,galaxy a71
841,samsung,galaxy s23
842,samsung,galaxy xcover6
843,zte,blade a31
844,samsung,galaxy s21
845,spc,smart ultimate
846,ulefone,armor 8
847,cubot,x70
848,samsung,galaxy a23
849,samsung,galaxy s20
850,xiaomi,11 pro
851,samsung,galaxy s20
852,xiaomi,mi 10t
853,huawei,p30
854,cubot,king kong 5
855,samsung,galaxy a71
856,xiaomi,note 10s
857,samsung,galaxy note 10
858,samsung,galaxy a13
859,tcl,305i
860,apple,iphone 12
861,samsung,galaxy s21
862,oppo,x3
863,apple,iphone 12
864,samsung,galaxy z flip4
865,apple,iphone xr
866,realme,gt master edition
867,apple,iphone xs
868,apple,iphone se (gen 3)
869,vivo,y21s
870,apple,iphone xs
871,realme,gt2
872,samsung,galaxy s10
873,ulefone,x11 pro
874,xiaomi,redmi 10a
875,samsung,galaxy a40
876,samsung,galaxy a40
877,xiaomi,12
878,xiaomi,redmi 10c
879,samsung,galaxy s22
880,xiaomi,11 lite
881,samsung,galaxy s21
882,xiaomi,13
883,xiaomi,redmi note 11s
884,oneplus,nord
885,honor,x8
886,samsung,galaxy s8
887,apple,iphone 12
888,realme,9i
889,cubot,pocket
890,apple,iphone xs
891,spc,smart 3
892,xiaomi,11 pro
893,nothing,phone (1)
894,xiaomi,mi 9
895,apple,iphone 12
896,samsung,galaxy s23
897,xiaomi,redmi 10
898,huawei,p30
899,motorola,moto e20
900,oppo,a74
901,samsung,galaxy a51
902,samsung,galaxy m13
903,oppo,a77
904,oneplus,nord
905,apple,iphone se (gen 3)
906,samsung,galaxy a14
907,xiaomi,mi 11
908,xiaomi,redmi 12c
909,motorola,edge 30
910,oppo,x3
911,ulefone,armor x6
912,oppo,x3
913,poco,c40
914,cubot,king kong mini 3
915,google,pixel 4
916,realme,x2
917,samsung,galaxy a33
918,apple,iphone 14
919,realme,gt
920,samsung,galaxy s10
921,samsung,galaxy s22
922,huawei,p30
923,samsung,galaxy a52s
924,xiaomi,12
925,realme,x3
926,ulefone,armor x9
927,apple,iphone 8
928,motorola,one vision
929,samsung,galaxy a51
930,samsung,galaxy s20
931,xiaomi,redmi note 5
932,apple,iphone xr
933,samsung,galaxy s21
934,samsung,galaxy s21
935,cubot,pocket
936,oppo,a76
937,samsung,galaxy a52
938,xiaomi,redmi 10a
939,apple,iphone xr
940,cat,s53
941,samsung,galaxy a23
942,samsung,galaxy s21
943,tcl,403
944,xiaomi,redmi 9c
945,xiaomi,redmi 9c
946,xiaomi,redmi note 11
947,samsung,galaxy s21
948,samsung,galaxy a10
949,xiaomi,redmi 9
950,xiaomi,m5s
951,apple,iphone 7
952,xiaomi,redmi note 9
953,huawei,p50
954,motorola,moto g42
955,realme,9 pro
956,realme,c35
957,sony,xperia xz2
958,apple,iphone xs
959,samsung,galaxy a32
960,samsung,galaxy s22
961,samsung,galaxy s21
962,xiaomi,x3
963,samsung,galaxy note 10
964,samsung,galaxy s21
965,realme,7
966,apple,iphone 14
967,motorola,moto e32
968,motorola,razr 2022
969,realme,8i
970,realme,9
971,realme,c25y
972,xiaomi,mi note 10
973,xiaomi,redmi note 10
974,xiaomi,redmi note 8t
975,xiaomi,9 pro
976,xiaomi,9 pro
977,apple,iphone 13
978,apple,iphone 13
979,apple,iphone 14
980,apple,iphone 14
981,samsung,galaxy s20
982,samsung,galaxy z flip4
983,samsung,galaxy z fold4
984,xiaomi,13
985,xiaomi,redmi 9at
986,hammer,explorer plus eco
987,motorola,edge 30
988,nokia,xr20
989,poco,m5s
990,apple,iphone 12
991,realme,c21y
992,huawei,p20
993,apple,iphone 12
994,poco,c40
995,realme,x50 pro
996,samsung,galaxy a33
997,xiaomi,mi 10t
998,apple,iphone xs
999,oneplus,nord
1000,samsung,s10+
1001,samsung,s10+
1002,apple,iphone xr
1003,huawei,p30
1004,oppo,a16
1005,realme,7
1006,samsung,galaxy s22
1007,vivo,y72
1008,xiaomi,redmi 12c
1009,apple,iphone xr
1010,huawei,p20
1011,oppo,reno 2
1012,xiaomi,mi 11
1013,realme,c25y
1014,samsung,galaxy a34
1015,ulefone,power armor 19
1016,hammer,explorer
1017,samsung,galaxy a22
1018,samsung,galaxy a50
1019,samsung,galaxy m13
1020,samsung,galaxy s23
1021,xiaomi,11t
1022,huawei,nova 10
1023,xiaomi,11 pro
1024,motorola,moto g31
1025,motorola,moto g6
1026,qubo,x-626
1027,samsung,galaxy a04s
1028,samsung,galaxy a70
1029,xiaomi,redmi note 9
1030,realme,gt2
1031,apple,iphone 12
1032,honor,magic 4
1033,honor,x8a
1034,blackview,a60
1035,spc,discovery
1036,ulefone,armor 8
1037,xiaomi,redmi 10
1038,xiaomi,redmi note 8
1039,apple,iphone 13
1040,apple,iphone xs
1041,oppo,a76
1042,oneplus,nord
1043,realme,9 pro
1044,ulefone,armor x6
1045,xiaomi,11 pro
1046,apple,iphone xs
1047,cat,s75
1048,honor,x6
1049,xiaomi,m5s
1050,poco,m4
1051,realme,gt2
1052,spc,smart 2
1053,xiaomi,redmi 10
1054,xiaomi,redmi note 11
1055,apple,iphone 12
1056,samsung,galaxy a42
1057,cubot,note 8
1058,samsung,galaxy a13
1059,samsung,galaxy s21
1060,huawei,nova 9
1061,apple,iphone xr
1062,cubot,j20
1063,motorola,moto g31
1064,samsung,galaxy a04s
1065,samsung,galaxy a13
1066,samsung,galaxy note 20
1067,samsung,galaxy s20
1068,apple,iphone 11
1069,apple,iphone 8
1070,alcatel,1se
1071,samsung,galaxy a53
1072,xiaomi,mi 10t
1073,huawei,mate 20
1074,samsung,galaxy a13
1075,xiaomi,12
1076,xiaomi,redmi 10a
1077,apple,iphone 11
1078,apple,iphone se (gen 3)
1079,apple,iphone xr
1080,oppo,a17
1081,oneplus,8t
1082,samsung,galaxy a22
1083,samsung,s10+
1084,vivo,y33s
1085,apple,iphone 12
1086,huawei,p smart 2020
1087,realme,x50
1088,samsung,galaxy a13
1089,samsung,galaxy a23
1090,xiaomi,redmi 12c
1091,apple,iphone 11
1092,asus,rog phone 5
1093,huawei,p30
1094,huawei,p30
1095,oneplus,9 pro
1096,samsung,galaxy a32
1097,apple,iphone 11
1098,apple,iphone xr
1099,cat,b35
1100,huawei,mate 20
1101,samsung,galaxy s23
1102,apple,iphone 12
1103,huawei,8i
1104,poco,f4
1105,realme,x2
1106,samsung,galaxy z flip4
1107,ulefone,power armor 16
1108,ulefone,power armor 18t
1109,motorola,edge 20
1110,realme,9 pro
1111,cubot,king kong 6
1112,xiaomi,shark 4
1113,honor,70
1114,samsung,galaxy s20
1115,samsung,galaxy s21
1116,xiaomi,redmi note 8t
1117,xiaomi,redmi note 10
1118,oppo,reno4
1119,realme,9i
1120,samsung,galaxy a13
1121,xiaomi,12t
1122,apple,iphone 11
1123,oppo,reno2 z
1124,xiaomi,redmi note 10
1125,microsoft,surface duo
1126,poco,m4
1127,realme,9 pro
1128,realme,c21y
1129,realme,c21y
1130,realme,c31
1131,samsung,galaxy a12
1132,samsung,galaxy m12
1133,samsung,s10+
1134,samsung,galaxy s21
1135,samsung,galaxy s23
1136,vivo,y01
1137,xiaomi,mi 8
1138,xiaomi,mi a2
1139,xiaomi,redmi 10
1140,xiaomi,redmi note 10
1141,xiaomi,redmi note 10
1142,xiaomi,11 pro
1143,xiaomi,redmi note 11s
1144,xiaomi,redmi note 8
1145,realme,8
1146,xiaomi,shark 5
1147,honor,x6
1148,xiaomi,9t
1149,oppo,x2
1150,samsung,galaxy z flip4
1151,xiaomi,10
1152,samsung,galaxy s22
1153,oppo,a94
1154,realme,c35
1155,samsung,galaxy s21
1156,xiaomi,mi 11i
1157,blackview,bl5000
1158,huawei,p40
1159,realme,8
1160,realme,c33
1161,samsung,galaxy a23
1162,samsung,galaxy s22
1163,xiaomi,11 lite
1164,xiaomi,mi 9
1165,xiaomi,redmi note 10
1166,realme,8
1167,apple,iphone 13
1168,apple,iphone 13
1169,apple,iphone 13
1170,huawei,p30
1171,samsung,galaxy a20e
1172,samsung,galaxy a50
1173,samsung,galaxy a70
1174,samsung,s10e
1175,samsung,galaxy s20
1176,apple,iphone 12
1177,realme,9 pro
1178,samsung,galaxy a13
1179,samsung,galaxy xcover 5
1180,samsung,galaxy z flip4
1181,xiaomi,12t
1182,apple,iphone 12
1183,apple,iphone 7
1184,huawei,p30
1185,realme,x50 pro
1186,xiaomi,mi 10t
1187,xiaomi,redmi 10
1188,xiaomi,redmi 9a
1189,vivo,y72
1190,zte,blade a52
1191,cubot,king kong mini 2
1192,samsung,galaxy a53
1193,samsung,galaxy s22
1194,samsung,galaxy s21
1195,vivo,x90
1196,xiaomi,9t
1197,huawei,p40
1198,realme,gt2
1199,samsung,galaxy a14
1200,xiaomi,11t pro
1201,xiaomi,12x
1202,oppo,a57
1203,oppo,reno6
1204,samsung,galaxy s20
1205,samsung,galaxy s22
1206,samsung,galaxy s9
1207,apple,iphone 11
1208,honor,magic4
1209,oppo,reno4
1210,oneplus,9
1211,oppo,a53s
1212,poco,x4
1213,realme,c30
1214,ulefone,x5 pro
1215,xiaomi,redmi note 9
1216,samsung,galaxy a21s
1217,huawei,nova 10
1218,huawei,p30
1219,oppo,a16s
1220,samsung,galaxy s20
1221,samsung,galaxy z fold 3
1222,xiaomi,redmi 10
1223,apple,iphone 7
1224,apple,iphone 11
1225,oppo,x2
1226,samsung,galaxy s20
1227,samsung,galaxy s21
1228,samsung,galaxy xcover6
1229,samsung,galaxy z flip 3
1230,tcl,20 r
1231,ulefone,power armor 14
1232,xiaomi,mi 10t
1233,xiaomi,mi note 10
1234,apple,iphone 12
1235,cubot,king kong mini 2
1236,oppo,a96
1237,oppo,find x2 neo
1238,samsung,galaxy a12
1239,xiaomi,11 pro
1240,apple,iphone 13
1241,xiaomi,redmi 9a
1242,apple,iphone 11
1243,apple,iphone 11
1244,apple,iphone 11
1245,apple,iphone 11
1246,apple,iphone 12
1247,apple,iphone 12
1248,apple,iphone 13
1249,apple,iphone 7
1250,apple,iphone 7
1251,apple,iphone 7
1252,apple,iphone se
1253,apple,iphone xr
1254,apple,iphone xr
1255,apple,iphone xr
1256,apple,iphone xs
1257,apple,iphone xs
1258,asus,zenfone 7
1259,huawei,p smart 2019
1260,oneplus,6
1261,oneplus,8
1262,samsung,galaxy a12
1263,samsung,galaxy a12
1264,samsung,galaxy a21s
1265,samsung,galaxy a40
1266,samsung,galaxy a52s
1267,samsung,galaxy j5
1268,samsung,note 8
1269,samsung,galaxy s20
1270,samsung,galaxy z flip4
1271,xiaomi,10
1272,xiaomi,10
1273,xiaomi,10
1274,xiaomi,10
1275,xiaomi,9t
1276,xiaomi,redmi note 10
1277,xiaomi,9 pro
1278,apple,iphone 13
1279,apple,iphone 13
1280,apple,iphone 7
1281,apple,iphone 7
1282,apple,iphone 7
1283,huawei,y6p
1284,nokia,5.4
1285,oppo,reno8
1286,oneplus,7
1287,oneplus,7t
1288,oppo,x2
1289,samsung,galaxy a12
1290,samsung,galaxy a21s
1291,samsung,s10e
1292,samsung,galaxy s20
1293,samsung,galaxy z fold4
1294,xiaomi,redmi note 10
1295,nokia,c2
1296,asus,zenfone 9
1297,alcatel,1b
1298,bq,aquaris c
1299,xiaomi,shark 4
1300,xiaomi,shark 5
1301,blackview,a100
1302,blackview,a100
1303,blackview,a100
1304,blackview,a100
1305,blackview,a55
1306,blackview,a55
1307,blackview,a55
1308,blackview,a55
1309,blackview,a70
1310,blackview,a80
1311,blackview,a80
1312,blackview,a80
1313,blackview,a90
1314,blackview,a90
1315,blackview,a90
1316,blackview,a90
1317,blackview,bl5000
1318,blackview,bv4900
1319,blackview,bv6300
1320,blackview,bv6600
1321,blackview,bv6600
1322,blackview,bv6600
1323,blackview,bv6600
1324,blackview,bv9900e
1325,blackview,bv4900
1326,cat,s42 h+
1327,crosscall,action-x5
1328,crosscall,core-m5
1329,crosscall,core-x5
1330,crosscall,core-x4
1331,cubot,j20
1332,cubot,king kong 5
1333,cubot,king kong mini 2
1334,cubot,max 3
1335,cubot,max 3
1336,cubot,note 30
1337,cubot,note 30
1338,cubot,note 8
1339,cubot,note 9
1340,cubot,note 9
1341,cubot,p50
1342,cubot,p50
1343,cubot,p60
1344,cubot,pocket
1345,cubot,pocket
1346,cubot,pocket
1347,doro,8050
1348,doro,8100
1349,doro,8100
1350,fairphone,3+
1351,funker,w5.5
1352,gigaset,gs195ls
1353,gigaset,gx290
1354,gigaset,gx290
1355,google,pixel 3a
1356,hammer,blade 3
1357,hammer,construction
1358,hammer,energy 2
1359,hammer,energy 2
1360,hammer,energy 2
1361,hammer,energy 2
1362,hammer,explorer
1363,hammer,explorer plus eco
1364,hammer,energy 2
1365,hammer,energy 2
1366,hammer,iron 3
1367,hammer,iron 3
1368,hammer,extreme
1369,hammer,extreme
1370,hammer,iron 4
1371,hammer,iron 4
1372,hammer,extreme
1373,hammer,extreme
1374,hammer,myphone blade
1375,honor,10
1376,honor,20
1377,honor,70
1378,honor,70
1379,honor,magic4
1380,honor,magic4
1381,honor,magic5
1382,honor,view 20
1383,honor,x7
1384,honor,x7a
1385,honor,x7a
1386,honor,x7a
1387,honor,x8
1388,huawei,mate 10
1389,huawei,mate 10
1390,huawei,mate 30
1391,huawei,nova 5t
1392,huawei,nova 5t
1393,huawei,p smart 2019
1394,huawei,p smart 2020
1395,huawei,p smart
1396,huawei,p smart
1397,huawei,p smart
1398,huawei,p20
1399,huawei,p20
1400,huawei,p30
1401,huawei,p30
1402,huawei,p30
1403,huawei,p40
1404,huawei,p40
1405,huawei,p40
1406,huawei,p40
1407,huawei,p40
1408,huawei,p40
1409,huawei,p40
1410,huawei,p40
1411,huawei,p8
1412,huawei,p8
1413,huawei,y6
1414,huawei,y6
1415,huawei,y6p
1416,lg,v40 thinq
1417,maxcom,ms572
1418,motorola,defy
1419,motorola,edge 20
1420,motorola,edge 20
1421,motorola,edge 20
1422,motorola,edge 30
1423,motorola,moto e20
1424,motorola,moto g31
1425,motorola,moto g32
1426,motorola,moto g41
1427,motorola,moto g41
1428,motorola,moto g42
1429,motorola,moto g51
1430,motorola,moto g5s
1431,motorola,moto g5s
1432,motorola,moto g62
1433,motorola,one zoom
1434,motorola,razr 5g
1435,nokia,3.4
1436,nokia,7
1437,nokia,c20
1438,nokia,c21
1439,nokia,c31
1440,nokia,g10
1441,nokia,x10
1442,oppo,a16
1443,oppo,a16
1444,oppo,a16
1445,oppo,a77
1446,oppo,a77
1447,oppo,a78
1448,oppo,a78
1449,oppo,a78
1450,oppo,reno6
1451,oppo,reno8
1452,oneplus,9
1453,oneplus,9 pro
1454,oppo,a54s
1455,oppo,a94
1456,oppo,x2
1457,oppo,reno4
1458,oppo,reno4
1459,oppo,reno4
1460,poco,f4
1461,poco,m5
1462,xiaomi,m5s
1463,xiaomi,m5s
1464,xiaomi,m5s
1465,xiaomi,m5s
1466,poco,x4
1467,poco,x4
1468,poco,x4
1469,poco,x4
1470,poco,x5
1471,poco,x5 pro
1472,qubo,p-668
1473,qubo,x-626
1474,realme,6
1475,realme,6
1476,realme,6i
1477,realme,8
1478,realme,8
1479,realme,8i
1480,realme,9
1481,realme,9
1482,realme,9
1483,realme,9
1484,realme,9 pro
1485,realme,c11
1486,realme,c11
1487,realme,c11
1488,realme,c11
1489,realme,c21
1490,realme,c21
1491,realme,c31
1492,realme,c33
1493,realme,c35
1494,realme,c55
1495,realme,gt
1496,realme,gt neo 3
1497,realme,gt neo 3
1498,realme,narzo 30
1499,realme,x50 pro
1500,spc,discovery
1501,spc,smart 2
1502,spc,smart 3
1503,spc,smart max 2
1504,spc,smart pro
1505,samsung,galaxy a03
1506,samsung,a03s
1507,samsung,galaxy a04s
1508,samsung,galaxy a12
1509,samsung,galaxy a12
1510,samsung,galaxy a13
1511,samsung,galaxy a13
1512,samsung,galaxy a13
1513,samsung,galaxy a13
1514,samsung,galaxy a13
1515,samsung,galaxy a13
1516,samsung,galaxy a13
1517,samsung,galaxy a13
1518,samsung,galaxy a13
1519,samsung,galaxy a13
1520,samsung,galaxy a14
1521,samsung,galaxy a23
1522,samsung,galaxy a23
1523,samsung,galaxy a23
1524,samsung,galaxy a23
1525,samsung,galaxy a31
1526,samsung,galaxy a33
1527,samsung,galaxy a33
1528,samsung,galaxy a33
1529,samsung,galaxy a33
1530,samsung,galaxy a41
1531,samsung,galaxy a41
1532,samsung,galaxy a41
1533,samsung,galaxy a42
1534,samsung,galaxy a51
1535,samsung,galaxy a51
1536,samsung,galaxy a52s
1537,samsung,galaxy a52s
1538,samsung,galaxy a52s
1539,samsung,galaxy a53
1540,samsung,galaxy a53
1541,samsung,galaxy a53
1542,samsung,galaxy a53
1543,samsung,galaxy a53
1544,samsung,galaxy a53
1545,samsung,galaxy a70
1546,samsung,galaxy a9
1547,samsung,a90
1548,samsung,galaxy m13
1549,samsung,galaxy m32
1550,samsung,galaxy m53
1551,samsung,galaxy note 10
1552,samsung,galaxy note 10
1553,samsung,galaxy note 20
1554,samsung,note 9
1555,samsung,s10+
1556,samsung,s10+
1557,samsung,galaxy s20
1558,samsung,galaxy s20
1559,samsung,galaxy s20
1560,samsung,galaxy s20
1561,samsung,galaxy s20
1562,samsung,galaxy s20
1563,samsung,galaxy s20
1564,samsung,galaxy s20
1565,samsung,galaxy s21
1566,samsung,galaxy s21
1567,samsung,galaxy s21
1568,samsung,galaxy s21
1569,samsung,galaxy s21
1570,samsung,galaxy s21
1571,samsung,galaxy s22
1572,samsung,galaxy s22
1573,samsung,galaxy s22
1574,samsung,galaxy s22
1575,samsung,galaxy s22
1576,samsung,galaxy s22
1577,samsung,galaxy s22
1578,samsung,galaxy s22
1579,samsung,galaxy s22
1580,samsung,galaxy s22
1581,samsung,galaxy s22
1582,samsung,galaxy s23
1583,samsung,galaxy s23
1584,samsung,galaxy s23
1585,samsung,galaxy s23
1586,samsung,galaxy s23
1587,samsung,galaxy s8
1588,samsung,galaxy s8
1589,samsung,galaxy s8
1590,samsung,z flip
1591,samsung,galaxy z flip 3
1592,samsung,galaxy z flip 3
1593,samsung,galaxy z flip 3
1594,samsung,galaxy z flip 3
1595,samsung,galaxy z flip4
1596,samsung,galaxy z flip4
1597,samsung,galaxy z flip4
1598,samsung,galaxy z flip4
1599,samsung,galaxy z flip4
1600,samsung,galaxy z flip4
1601,samsung,galaxy z flip4
1602,samsung,galaxy z flip4
1603,samsung,galaxy z flip4
1604,samsung,galaxy z flip4
1605,samsung,galaxy z fold 3
1606,samsung,galaxy z fold 3
1607,samsung,galaxy z fold4
1608,sony,xperia l1
1609,swissvoice,s510-m
1610,tcl,10
1611,tcl,10
1612,tcl,10
1613,tcl,20
1614,tcl,20 r
1615,tcl,205
1616,tcl,205
1617,tcl,20l
1618,tcl,30e
1619,tcl,405
1620,tcl,405
1621,ulefone,11t
1622,ulefone,armor 17
1623,ulefone,20wt
1624,ulefone,armor 8
1625,ulefone,armor 8
1626,ulefone,armor x10
1627,ulefone,x5
1628,ulefone,x5 pro
1629,ulefone,x5 pro
1630,ulefone,x7
1631,ulefone,armor x9
1632,ulefone,armor x9
1633,ulefone,note 7
1634,ulefone,note 8p
1635,ulefone,power armor 13
1636,ulefone,power armor 14
1637,ulefone,power armor 16
1638,vivo,v23
1639,vivo,x60 pro
1640,vivo,y01
1641,vivo,y21
1642,vivo,y21
1643,vivo,y21s
1644,vivo,y33s
1645,vivo,y52
1646,xiaomi,11t
1647,xiaomi,11t
1648,xiaomi,11t
1649,xiaomi,11t pro
1650,xiaomi,11t pro
1651,xiaomi,12
1652,xiaomi,12t
1653,xiaomi,12t
1654,xiaomi,mi 10t
1655,xiaomi,mi 10t
1656,xiaomi,mi 10t
1657,xiaomi,mi 11
1658,xiaomi,mi 11
1659,xiaomi,mi 11i
1660,xiaomi,mi 9
1661,xiaomi,mi 9
1662,xiaomi,mi 9
1663,xiaomi,mi mix 3
1664,xiaomi,mi mix 2
1665,xiaomi,mi mix
1666,xiaomi,mi note 10
1667,xiaomi,poco m3
1668,xiaomi,poco m3
1669,xiaomi,pack mi 10
1670,xiaomi,pocophone f3
1671,xiaomi,redmi 10
1672,xiaomi,redmi 10
1673,xiaomi,redmi 10
1674,xiaomi,redmi 10a
1675,xiaomi,redmi 10a
1676,xiaomi,redmi 10c
1677,xiaomi,redmi 9
1678,xiaomi,redmi 9a
1679,xiaomi,redmi 9a
1680,xiaomi,redmi 9a
1681,xiaomi,redmi 9a
1682,xiaomi,redmi 9at
1683,xiaomi,redmi 9c
1684,xiaomi,redmi 9c
1685,xiaomi,redmi 9c
1686,xiaomi,redmi 9c
1687,xiaomi,redmi 9c
1688,xiaomi,redmi a1
1689,xiaomi,redmi a1
1690,xiaomi,redmi note 10
1691,xiaomi,redmi note 10
1692,xiaomi,redmi note 10
1693,xiaomi,redmi note 10
1694,xiaomi,redmi note 10
1695,xiaomi,redmi note 10
1696,xiaomi,redmi note 10
1697,xiaomi,note 10s
1698,xiaomi,note 10s
1699,xiaomi,redmi note 11
1700,xiaomi,11 pro
1701,xiaomi,11 pro
1702,xiaomi,11 pro
1703,xiaomi,11 pro
1704,xiaomi,11 pro
1705,xiaomi,11 pro
1706,xiaomi,11 pro
1707,xiaomi,11 pro
1708,xiaomi,redmi note 12
1709,xiaomi,redmi note 8
1710,xiaomi,redmi note 9
1711,xiaomi,9 pro
1712,xiaomi,note 9s
1713,xiaomi,redmi note 9t
1714,xiaomi,redmi note 9t
1715,zte,blade a31
1716,zte,blade a5
1717,zte,blade a5
1718,zte,blade a51
1719,zte,blade a71
1720,zte,blade v30
1721,realme,7
1722,realme,8
1723,realme,c21
1724,alcatel,1se
1725,apple,iphone 11
1726,apple,iphone 11
1727,apple,iphone 13
1728,apple,iphone 13
1729,apple,iphone 13
1730,apple,iphone 13
1731,apple,iphone 13
1732,apple,iphone 13
1733,apple,iphone 13
1734,apple,iphone 13
1735,apple,iphone 6s
1736,apple,iphone 6s
1737,apple,iphone 6s
1738,apple,iphone 6s
1739,apple,iphone 6s
1740,apple,iphone 6s
1741,apple,iphone 7
1742,apple,iphone xr
1743,apple,iphone xr
1744,apple,iphone xs
1745,crosscall,x3
1746,crosscall,core-m4
1747,crosscall,x4
1748,honor,7x
1749,huawei,mate 20
1750,huawei,mate 20
1751,huawei,y6p
1752,lenovo,legion phone duel
1753,motorola,moto g5s
1754,motorola,moto g5s
1755,nokia,8.3
1756,oppo,x5 pro
1757,oneplus,6t
1758,oneplus,7
1759,oneplus,7t
1760,oppo,a91
1761,oppo,reno2 z
1762,poco,x3
1763,poco,x3
1764,realme,9
1765,realme,x2
1766,samsung,galaxy a10
1767,samsung,galaxy a32
1768,samsung,galaxy a50
1769,samsung,galaxy a52
1770,samsung,galaxy a52
1771,samsung,a80
1772,samsung,galaxy note 10
1773,samsung,galaxy note 20
1774,samsung,galaxy note 20
1775,samsung,note 9
1776,samsung,galaxy s10
1777,samsung,galaxy s10
1778,samsung,galaxy s10
1779,samsung,s10+
1780,samsung,s10+
1781,samsung,s10e
1782,samsung,galaxy s20
1783,samsung,galaxy s22
1784,samsung,galaxy s22
1785,samsung,galaxy s22
1786,samsung,galaxy s8
1787,samsung,galaxy z flip 3
1788,samsung,galaxy z flip 3
1789,samsung,galaxy z flip 3
1790,samsung,galaxy z flip 3
1791,samsung,galaxy z fold 3
1792,samsung,galaxy z fold 3
1793,samsung,galaxy z fold4
1794,samsung,galaxy z fold4
1795,xiaomi,11 lite
1796,xiaomi,11t pro
1797,xiaomi,10
1798,xiaomi,10
1799,xiaomi,mi 10t
1800,xiaomi,mi 11
1801,xiaomi,mi note 10
1802,xiaomi,mi note 10
1803,xiaomi,mi note 10
1804,xiaomi,x3
1805,xiaomi,pocophone f2
1806,xiaomi,redmi 9
1807,xiaomi,9t
1808,xiaomi,redmi note 10
1809,xiaomi,redmi note 10
1810,xiaomi,redmi note 8
1811,xiaomi,redmi note 8
1812,xiaomi,redmi note 8t
1813,xiaomi,redmi note 9
1814,xiaomi,note 9s
1815,xiaomi,note 9s
